chrom	start	end	sample	ancestry	n_windows	mean_similarity	mean_posterior	discriminability	lod_score
chr12	15000000	15329999	HG00639#2	EUR	33	0.999906	0.999207	0.000667	2.1735
chr12	15000000	15329999	HG00639#1	EUR	33	0.999915	0.601676	0.000285	0.0530
