{
  "n_observations": 18963538,
  "full_distribution": {
    "mean": 0.9946297294652349,
    "std": 0.04405568710564748,
    "median": 0.9986002,
    "min": 0.000272,
    "max": 1.0
  },
  "non_ibd": {
    "mean": 0.9984448589360427,
    "std": 0.001024951680023231,
    "robust_std": 0.0013350813000001212
  },
  "ibd": {
    "mean": 0.9998127581123332,
    "std": 0.000171086223964926,
    "n_samples": 4423789
  },
  "d_prime": 1.8616504503302391,
  "fraction_above_thresholds": {
    "0.999": 0.3967210654467537,
    "0.9995": 0.2332786740533333,
    "0.9999": 0.09605259313952913
  }
}