{
  "n_observations": 284455550,
  "full_distribution": {
    "mean": 0.8779901708884649,
    "std": 59.066362631565624,
    "median": 0.9978,
    "min": 0.000138,
    "max": 995995.0
  },
  "non_ibd": {
    "mean": 0.9311618761450399,
    "std": 0.13010347138254963,
    "robust_std": 0.0028170882599999406
  },
  "ibd": {
    "mean": 1.0199359401323969,
    "std": 140.20776786427945,
    "n_samples": 50482882
  },
  "d_prime": 0.0008954242203494495,
  "fraction_above_thresholds": {
    "0.999": 0.29917171241693125,
    "0.9995": 0.17747195299933505,
    "0.9999": 0.07279109512892261
  }
}