{
  "population": "AFR",
  "version": "v2_corrected",
  "quality_threshold": 0.9,
  "emission_params": {
    "n_total": 5000000,
    "n_high_quality": 4306324,
    "quality_threshold": 0.9,
    "fraction_high_quality": 0.8612648,
    "non_ibd": {
      "mean": 0.9964932038566857,
      "std": 0.001322291312613009,
      "median": 0.996891,
      "robust_std": 0.0023860964399999747,
      "n_samples": 3001850
    },
    "ibd": {
      "mean": 0.9999864379869774,
      "std": 0.0001,
      "n_samples": 300553
    },
    "d_prime": 3.7254363489691666,
    "fraction_above_thresholds": {
      "0.999": 0.3029205419750116,
      "0.9995": 0.17289549044614386,
      "0.9999": 0.06979340151832514
    }
  },
  "n_pairs": 20,
  "total_segments": 13,
  "mean_ibd_mb": 0.05949935
}