{
  "population": "EUR",
  "version": "v2_corrected",
  "quality_threshold": 0.9,
  "emission_params": {
    "n_total": 5000000,
    "n_high_quality": 4558129,
    "quality_threshold": 0.9,
    "fraction_high_quality": 0.9116258,
    "non_ibd": {
      "mean": 0.9972056161814723,
      "std": 0.0009169043995266511,
      "median": 0.9974005,
      "robust_std": 0.0017783787000000295,
      "n_samples": 2094546
    },
    "ibd": {
      "mean": 0.9999880385951874,
      "std": 0.0001,
      "n_samples": 1030714
    },
    "d_prime": 4.266250509980158,
    "fraction_above_thresholds": {
      "0.999": 0.5404811930509207,
      "0.9995": 0.41575370069605316,
      "0.9999": 0.22612655324147254
    }
  },
  "n_pairs": 20,
  "total_segments": 437,
  "mean_ibd_mb": 1.96597815
}