{
  "n_observations": 90722739,
  "full_distribution": {
    "mean": 0.9029195427767222,
    "std": 0.20995481132831822,
    "median": 0.9987004,
    "min": 0.0001354,
    "max": 1.0
  },
  "non_ibd": {
    "mean": 0.9638227345051136,
    "std": 0.0955725648895773,
    "robust_std": 0.0019267869599999352
  },
  "ibd": {
    "mean": 0.9998649356087236,
    "std": 0.00015895270009867371,
    "n_samples": 30614397
  },
  "d_prime": 0.5333256377638458,
  "fraction_above_thresholds": {
    "0.999": 0.45204270122400075,
    "0.9995": 0.3374500961660781,
    "0.9999": 0.1872301496541016
  }
}