chrom	start	end	sample	ancestry	n_windows	mean_similarity	mean_posterior	discriminability	lod_score
CHM13#0#chr12	0	1250000	CHILD	GP1	125	0.999939	0.994153	0.002185	36.6176
CHM13#0#chr12	1250000	2500000	CHILD	GP2	125	0.999944	0.990735	0.002197	35.9432
CHM13#0#chr12	2500000	3750000	CHILD	GP3	125	0.999947	0.990497	0.002233	37.1139
CHM13#0#chr12	3750000	5000000	CHILD	GP4	125	0.999947	0.995475	0.002210	36.7521
