{
  "n_observations": 17753432,
  "full_distribution": {
    "mean": 0.9950534952686951,
    "std": 0.04651218485017123,
    "median": 0.9992,
    "min": 0.0003994,
    "max": 1.0
  },
  "non_ibd": {
    "mean": 0.999050074486375,
    "std": 0.0009736337534891344,
    "robust_std": 0.001186080000000034
  },
  "ibd": {
    "mean": 0.999866110137881,
    "std": 0.00015764835686555548,
    "n_samples": 7403421
  },
  "d_prime": 1.1700619256272853,
  "fraction_above_thresholds": {
    "0.999": 0.5527963269299142,
    "0.9995": 0.4170135104018198,
    "0.9999": 0.2308057957469857
  }
}